{"svm": 0.7857142857142857, "knn": 0.9047619047619048}